,PSJudge,avgEVC,avgSD,elle,files,groupId,il,ils,je,keywords,le,nous,perNeg,perNegDoc,perPos,perPosDoc,pronounFrac,timeRun,vous,groupName,rank,rfPred,rfClassPred,svmPred,svmClassPred
66,0.4375,0.674360005178,0.81266762663,0.0,1,TrumpStatements_test2,0.0,0.0194902548726,0.00899550224888,"veteran, marin, dedic, abl, honor, sacrific, humbl, digniti, courag, trump, am, birthday, strength, should, j",0.00299850074963,0.0389805097451,0.0149925037481,0.0,0.0464767616192,1.0,0.78125,1.9782538414,0.0,TrumpStatements,1,3.17,6,4.28751112866,6
67,0.142857142857,0.406695322708,0.486753888957,0.0,1,TrumpStatements_test1,0.0,0.0150943396226,0.00377358490566,"trump, obama, donald, j, negoti, iran, agreement, nuclear, incompet, danger, get, statement, s, inspect, defi",0.00377358490566,0.022641509434,0.022641509434,0.0,0.0339622641509,1.0,0.428571428571,1.28652000427,0.0,TrumpStatements,1,2.33,2,4.16450653527,6
68,0.916666666667,0.44271325576,0.705972394762,0.042471042471,1,TrumpStatements_test0,0.0,0.00772200772201,0.034749034749,"hillari, trump, clinton, donald, obvious, illeg, j, am, statement, jeb, tone, desper, tri, s, want",0.011583011583,0.00772200772201,0.046332046332,1.0,0.034749034749,0.0,0.916666666667,1.4944050312,0.0,TrumpStatements,1,5.85666666667,7,4.06054176453,6
69,0.572727272727,0.655794999308,0.698272632656,0.000562746201463,1,TrumpRemarks_test2,0.00253235790658,0.0112549240293,0.0104108047271,"will, must, re, obama, nt, radic, s, job, isi, spend, dollar, friend, again, look, polici",0.0101294316263,0.0562746201463,0.0227912211593,0.0,0.0292628024761,1.0,0.827272727273,5.37911510468,0.00337647720878,TrumpRemarks,7,5.64,6,4.32348498682,6
70,0.62091503268,0.480812250738,0.682194447445,0.00041067761807,1,TrumpRemarks_test1,0.00246406570842,0.00944558521561,0.029158110883,"s, israel, happen, terror, thank, nt, palestinian, ve, deal, iran, let, ll, re, will, realli",0.0242299794661,0.0164271047228,0.0266940451745,1.0,0.0258726899384,0.0,0.823529411765,3.87551903725,0.0156057494867,TrumpRemarks,7,5.39666666667,7,4.10042466209,2
71,0.617604617605,0.710389192791,0.678345335013,0.000711743772242,1,TrumpRemarks_test0,0.00797153024911,0.0281850533808,0.0444128113879,"nt, re, —, trump, s, applaus, get, ll, know, got, want, job, go, i, ve",0.0227758007117,0.0351601423488,0.0148042704626,0.0,0.042846975089,1.0,0.845598845599,9.12100291252,0.0153736654804,TrumpRemarks,7,3.19666666667,3,3.97701332942,6
