,PSJudge,avgEVC,avgSD,elle,files,groupId,il,ils,je,keywords,le,nous,perNeg,perNegDoc,perPos,perPosDoc,pronounFrac,timeRun,vous,groupName,rank,rfPred,rfClassPred,svmPred,svmClassPred
66,0.142857142857,0.406695322708,0.485954988892,0.0,1,TrumpStatements_test2,0.0,0.0150943396226,0.00377358490566,"trump, obama, donald, j, negoti, iran, agreement, nuclear, incompet, danger, get, statement, s, inspect, defi",0.00377358490566,0.022641509434,0.022641509434,0.0,0.0339622641509,1.0,0.428571428571,1.42144012451,0.0,TrumpStatements,1,2.44,2,4.16348836057,6
67,0.4375,0.674360005178,0.81282156202,0.0,1,TrumpStatements_test1,0.0,0.0194902548726,0.00899550224888,"veteran, marin, dedic, abl, honor, sacrific, humbl, digniti, courag, trump, am, birthday, strength, should, j",0.00299850074963,0.0389805097451,0.0149925037481,0.0,0.0464767616192,1.0,0.78125,2.00784301758,0.0,TrumpStatements,1,3.01,4,4.28735307675,6
68,0.916666666667,0.44271325576,0.707795244212,0.042471042471,1,TrumpStatements_test0,0.0,0.00772200772201,0.034749034749,"hillari, trump, clinton, donald, obvious, illeg, j, am, statement, jeb, tone, desper, tri, s, want",0.011583011583,0.00772200772201,0.046332046332,1.0,0.034749034749,0.0,0.916666666667,1.60194301605,0.0,TrumpStatements,1,5.72,7,4.06054176448,6
69,0.617604617605,0.710389192791,0.675569712476,0.000711743772242,1,TrumpRemarks_test2,0.00797153024911,0.0281850533808,0.0444128113879,"nt, re, —, trump, s, applaus, get, ll, know, got, want, job, go, i, ve",0.0227758007117,0.0351601423488,0.0148042704626,0.0,0.042846975089,1.0,0.845598845599,9.15376400948,0.0153736654804,TrumpRemarks,7,3.02,2,3.97840349747,6
70,0.62091503268,0.480812250738,0.679979970856,0.00041067761807,1,TrumpRemarks_test1,0.00246406570842,0.00944558521561,0.029158110883,"s, israel, happen, terror, thank, nt, palestinian, ve, deal, iran, let, ll, re, will, realli",0.0242299794661,0.0164271047228,0.0266940451745,1.0,0.0258726899384,0.0,0.823529411765,4.03778886795,0.0156057494867,TrumpRemarks,7,5.20666666667,7,4.10108604927,2
71,0.572727272727,0.655794999308,0.698824965731,0.000562746201463,1,TrumpRemarks_test0,0.00253235790658,0.0112549240293,0.0104108047271,"will, must, re, obama, nt, radic, s, job, isi, spend, dollar, friend, again, look, polici",0.0101294316263,0.0562746201463,0.0227912211593,0.0,0.0292628024761,1.0,0.827272727273,5.59286093712,0.00337647720878,TrumpRemarks,7,5.28666666667,6,4.32403860445,6
