,groupId,files,timeRun,keywords,perPos,perNeg,perPosDoc,perNegDoc,PSJudge,toBeFrac,pronounFrac,nous,vous,je,ils,il,elle,le,avgSD,avgEVC
0,TrumpStatements_test2,1,1.18614315987,"trump, obama, donald, negoti, iran, agreement, nuclear, incompet, danger, get, statement, inspect, defi",0.0339622641509,0.022641509434,1.0,0.0,0.142857142857,0.285714285714,0.428571428571,0.022641509434,0.0,0.00377358490566,0.0150943396226,0.0,0.0,0.00377358490566,0.452649199769,0.337074142816
1,TrumpRemarks_test2,1,4.42858600616,"will, must, obama, radic, job, isi, spend, dollar, friend, again, look, polici",0.0292628024761,0.0227912211593,1.0,0.0,0.504545454545,0.0909090909091,0.827272727273,0.0562746201463,0.00337647720878,0.0104108047271,0.0112549240293,0.00253235790658,0.000562746201463,0.0101294316263,0.704809045755,0.661794872885
2,TrumpRemarks_test1,1,2.99515891075,"israel, happen, terror, thank, palestinian, deal, iran, let, will, realli",0.0258726899384,0.0266940451745,0.0,1.0,0.529411764706,0.111111111111,0.823529411765,0.0164271047228,0.0156057494867,0.029158110883,0.00944558521561,0.00246406570842,0.00041067761807,0.0242299794661,0.674793784732,0.480206761819
3,TrumpStatements_test1,1,1.25145792961,"hillari, trump, clinton, donald, obvious, illeg, statement, jeb, tone, desper, tri, want",0.034749034749,0.046332046332,0.0,1.0,0.833333333333,0.166666666667,0.916666666667,0.00772200772201,0.0,0.034749034749,0.00772200772201,0.0,0.042471042471,0.011583011583,0.715756132814,0.42472511535
4,TrumpRemarks_test0,1,5.95255303383,"trump, applaus, get, know, got, want, job",0.042846975089,0.0148042704626,1.0,0.0,0.235209235209,0.040404040404,0.845598845599,0.0351601423488,0.0153736654804,0.0444128113879,0.0281850533808,0.00797153024911,0.000711743772242,0.0227758007117,0.683017247656,0.710507738209
5,TrumpStatements_test0,1,1.69932413101,"veteran, marin, dedic, abl, honor, sacrific, humbl, digniti, courag, trump, birthday, strength, should",0.0464767616192,0.0149925037481,1.0,0.0,0.40625,0.21875,0.78125,0.0389805097451,0.0,0.00899550224888,0.0194902548726,0.0,0.0,0.00299850074963,0.800078227698,0.668941801483
