,groupId,files,timeRun,keywords,perPos,perNeg,perPosDoc,perNegDoc,PSJudge,toBeFrac,pronounFrac,nous,vous,je,ils,il,elle,le,avgSD,avgEVC
0,TrumpStatements_test2,1,1.9782538414,"veteran, marin, dedic, abl, honor, sacrific, humbl, digniti, courag, trump, am, birthday, strength, should, j",0.0464767616192,0.0149925037481,1.0,0.0,0.4375,0.21875,0.78125,0.0389805097451,0.0,0.00899550224888,0.0194902548726,0.0,0.0,0.00299850074963,0.81266762663,0.674360005178
1,TrumpRemarks_test2,1,5.37911510468,"will, must, re, obama, nt, radic, s, job, isi, spend, dollar, friend, again, look, polici",0.0292628024761,0.0227912211593,1.0,0.0,0.572727272727,0.0909090909091,0.827272727273,0.0562746201463,0.00337647720878,0.0104108047271,0.0112549240293,0.00253235790658,0.000562746201463,0.0101294316263,0.698272632656,0.655794999308
2,TrumpRemarks_test1,1,3.87551903725,"s, israel, happen, terror, thank, nt, palestinian, ve, deal, iran, let, ll, re, will, realli",0.0258726899384,0.0266940451745,0.0,1.0,0.62091503268,0.111111111111,0.823529411765,0.0164271047228,0.0156057494867,0.029158110883,0.00944558521561,0.00246406570842,0.00041067761807,0.0242299794661,0.682194447445,0.480812250738
3,TrumpStatements_test1,1,1.28652000427,"trump, obama, donald, j, negoti, iran, agreement, nuclear, incompet, danger, get, statement, s, inspect, defi",0.0339622641509,0.022641509434,1.0,0.0,0.142857142857,0.285714285714,0.428571428571,0.022641509434,0.0,0.00377358490566,0.0150943396226,0.0,0.0,0.00377358490566,0.486753888957,0.406695322708
4,TrumpRemarks_test0,1,9.12100291252,"nt, re, —, trump, s, applaus, get, ll, know, got, want, job, go, i, ve",0.042846975089,0.0148042704626,1.0,0.0,0.617604617605,0.040404040404,0.845598845599,0.0351601423488,0.0153736654804,0.0444128113879,0.0281850533808,0.00797153024911,0.000711743772242,0.0227758007117,0.678345335013,0.710389192791
5,TrumpStatements_test0,1,1.4944050312,"hillari, trump, clinton, donald, obvious, illeg, j, am, statement, jeb, tone, desper, tri, s, want",0.034749034749,0.046332046332,0.0,1.0,0.916666666667,0.166666666667,0.916666666667,0.00772200772201,0.0,0.034749034749,0.00772200772201,0.0,0.042471042471,0.011583011583,0.705972394762,0.44271325576
