,groupId,files,timeRun,keywords,perPos,perNeg,perPosDoc,perNegDoc,PSJudge,toBeFrac,pronounFrac,nous,vous,je,ils,il,elle,le,avgSD,avgEVC
0,TrumpStatements_test2,1,1.61164116859,"trump, hillari, donald, clinton, illeg, obvious, statement, jeb, desper, tri, tone, send, want, immigr, know",0.034749034749,0.046332046332,0.0,1.0,0.833333333333,0.166666666667,0.916666666667,0.00772200772201,0.0,0.034749034749,0.00772200772201,0.0,0.042471042471,0.011583011583,0.716433038715,0.442635683622
1,TrumpRemarks_test2,1,5.13770794868,"will, must, obama, radic, job, dollar, isi, spend, friend, again, look, polici, prosper, trump, get",0.0292628024761,0.0227912211593,1.0,0.0,0.540909090909,0.0909090909091,0.827272727273,0.0562746201463,0.00337647720878,0.0104108047271,0.0112549240293,0.00253235790658,0.000562746201463,0.0101294316263,0.712876495937,0.643736221675
2,TrumpRemarks_test1,1,9.1226940155,"trump, applaus, get, know, got, want, job, say, happen, realli, audienc, nice, tell, send, ford",0.042846975089,0.0148042704626,1.0,0.0,0.330447330447,0.040404040404,0.845598845599,0.0351601423488,0.0153736654804,0.0444128113879,0.0281850533808,0.00797153024911,0.000711743772242,0.0227758007117,0.701207964246,0.693381063046
3,TrumpStatements_test1,1,1.12255501747,"trump, obama, donald, negoti, iran, agreement, nuclear, incompet, get, danger, statement, uranium, lengthi, pay, closer",0.0339622641509,0.022641509434,1.0,0.0,0.214285714286,0.285714285714,0.428571428571,0.022641509434,0.0,0.00377358490566,0.0150943396226,0.0,0.0,0.00377358490566,0.257832798708,0.429980901045
4,TrumpRemarks_test0,1,3.79306197166,"israel, happen, terror, palestinian, thank, deal, iran, let, will, realli, dollar, know, someth, missil, get",0.0258726899384,0.0266940451745,0.0,1.0,0.575163398693,0.111111111111,0.823529411765,0.0164271047228,0.0156057494867,0.029158110883,0.00944558521561,0.00246406570842,0.00041067761807,0.0242299794661,0.673107078792,0.537965317915
5,TrumpStatements_test0,1,1.88994812965,"veteran, marin, dedic, abl, honor, humbl, sacrific, digniti, trump, courag, birthday, strength, should, away, love",0.0464767616192,0.0149925037481,1.0,0.0,0.5,0.21875,0.78125,0.0389805097451,0.0,0.00899550224888,0.0194902548726,0.0,0.0,0.00299850074963,0.800509787683,0.669147583338
