,PSJudge,avgEVC,avgSD,elle,files,groupId,il,ils,je,keywords,le,nous,perNeg,perNegDoc,perPos,perPosDoc,pronounFrac,timeRun,vous,groupName,rank,rfPred,rfClassPred,svmPred,svmClassPred
66,0.142857142857,0.337074142816,0.452649199769,0.0,1,TrumpStatements_test2,0.0,0.0150943396226,0.00377358490566,"trump, obama, donald, negoti, iran, agreement, nuclear, incompet, danger, get, statement, inspect, defi",0.00377358490566,0.022641509434,0.022641509434,0.0,0.0339622641509,1.0,0.428571428571,1.18614315987,0.0,TrumpStatements,1,2.44333333333,2,4.09792663128,6
67,0.833333333333,0.42472511535,0.715756132814,0.042471042471,1,TrumpStatements_test1,0.0,0.00772200772201,0.034749034749,"hillari, trump, clinton, donald, obvious, illeg, statement, jeb, tone, desper, tri, want",0.011583011583,0.00772200772201,0.046332046332,1.0,0.034749034749,0.0,0.916666666667,1.25145792961,0.0,TrumpStatements,1,5.9,7,4.06054176759,6
68,0.40625,0.668941801483,0.800078227698,0.0,1,TrumpStatements_test0,0.0,0.0194902548726,0.00899550224888,"veteran, marin, dedic, abl, honor, sacrific, humbl, digniti, courag, trump, birthday, strength, should",0.00299850074963,0.0389805097451,0.0149925037481,0.0,0.0464767616192,1.0,0.78125,1.69932413101,0.0,TrumpStatements,1,3.10333333333,6,4.29325216776,6
69,0.504545454545,0.661794872885,0.704809045755,0.000562746201463,1,TrumpRemarks_test2,0.00253235790658,0.0112549240293,0.0104108047271,"will, must, obama, radic, job, isi, spend, dollar, friend, again, look, polici",0.0101294316263,0.0562746201463,0.0227912211593,0.0,0.0292628024761,1.0,0.827272727273,4.42858600616,0.00337647720878,TrumpRemarks,7,5.60333333333,6,4.32491715882,6
70,0.529411764706,0.480206761819,0.674793784732,0.00041067761807,1,TrumpRemarks_test1,0.00246406570842,0.00944558521561,0.029158110883,"israel, happen, terror, thank, palestinian, deal, iran, let, will, realli",0.0242299794661,0.0164271047228,0.0266940451745,1.0,0.0258726899384,0.0,0.823529411765,2.99515891075,0.0156057494867,TrumpRemarks,7,5.28,7,4.14143931492,2
71,0.235209235209,0.710507738209,0.683017247656,0.000711743772242,1,TrumpRemarks_test0,0.00797153024911,0.0281850533808,0.0444128113879,"trump, applaus, get, know, got, want, job",0.0227758007117,0.0351601423488,0.0148042704626,0.0,0.042846975089,1.0,0.845598845599,5.95255303383,0.0153736654804,TrumpRemarks,7,3.19666666667,6,4.01562056138,6
