PSJudge,avgEVC,avgSD,binCount,binSize,cocoWindow,cvWindow,elle,ensemble2Accuracy,ensemble2Exact,ensemble2MAE,il,ils,je,judgementMethod,keywordMethod,le,netAngle,nous,perNeg,perNegDoc,perPos,perPosDoc,pronounFrac,runID,targetWordCount,vous
0.0253955804783,0.014315342633,0.0130310687245,72,1,3,3,0.0231967692085,0.0,0.0,6.16666666667,0.0740641245328,0.449801779597,0.037095968827,both,tfidfNoPro,0.055528339785,30,0.0590592461769,0.0412098116655,0.0204050002312,0.0959385274683,0.0286323611177,0.0252032281913,0NJMZU,15,0.0371228513632
0.0282786895287,0.0290556178888,0.0224330298134,84,1,3,3,0.211172391459,0.833333333333,0.611111111111,1.05555555556,0.0530796985014,0.288003002146,0.029701692888,both,tfidfNoPro,0.035542023726,30,0.102655555193,0.0168956953271,0.00503497791044,0.0517255891155,0.00572725796309,0.0457514906127,JFY35A,15,0.0749432879269
0.0226432072264,0.0179332396943,0.0185088317252,84,1,3,3,0.0698467833194,0.777777777778,0.722222222222,1.0,0.0867392284183,0.443418979785,0.0210531468485,both,tfidfNoPro,0.0476030850702,30,0.065328548451,0.025210796082,0.00362077118173,0.111474076062,0.00560230009851,0.014021593006,K5F8PA,15,0.046995413032
0.0442967028882,0.0167003777269,0.154836024553,159,1,3,3,0.118506304714,0.387096774194,0.365591397849,2.02150537634,0.067577656592,0.0897273419122,0.0113304971331,pronounFrac,tfidfNoPro,0.0220151421789,30,0.180505785256,0.0134025423851,0.00339041925555,0.0557356662919,0.00552613661385,0.0222332662388,NL96XR,15,0.19421613626
0.12363318308,0.0627499681883,0.110277880674,159,1,3,3,0.11148853364,0.94623655914,0.89247311828,0.182795698925,0.101999855286,0.148886676231,0.0358056476447,pronounFrac,tfidfNoPro,0.0207063357671,30,0.0896623833911,0.0223577480245,0.00927927847106,0.0434100018668,0.00789575492923,0.0405276715255,OL6G3J,15,0.0713190812807
